Variables ->,GDP,CPI,S,RS,GDP_RW,CPI_RW,RS_RW,D4L_CPI_TAR
Comments ->,"Real GDP (SWDA,in constant prices,base=2010) Source: Statistical Office","Headline CPI (NSA,index) Source: Central Bank",Nominal Exchange Rate (LCY per 1 EUR) Source: Central Bank,Nominal Policy Interest Rate (% pa) Source: Central Bank,"EA19 Real GDP (SWDA,in constant prices,base=2010) Source: Statistical Office of the European Communities","Euro Area: Harmonized Indexes of Cosumer Prices (SWDA,2015=100) Source: European Central Bank",Euro Area 3-month deposits [EURIBOR] (% pa) Source: European Central Bank,Inflation Target (% pa) Source: Central Bank
Class[Size] ->,tseries[73-by-1],tseries[73-by-1],tseries[73-by-1],tseries[73-by-1],tseries[73-by-1],tseries[73-by-1],tseries[73-by-1],tseries[73-by-1]
1996Q1,6.03E+05,5.56E+01,3.50E+01,1.09E+01,1.66E+06,8.41E+01,5.63E+00,8.91E+00
1996Q2,6.08E+05,5.71E+01,3.46E+01,1.18E+01,1.68E+06,8.46E+01,5.14E+00,8.76E+00
1996Q3,6.11E+05,5.78E+01,3.39E+01,1.27E+01,1.69E+06,8.48E+01,5.00E+00,8.60E+00
1996Q4,6.11E+05,5.88E+01,3.43E+01,1.27E+01,1.69E+06,8.52E+01,4.59E+00,8.45E+00
1997Q1,6.06E+05,5.96E+01,3.39E+01,1.24E+01,1.70E+06,8.56E+01,4.44E+00,8.30E+00
1997Q2,6.04E+05,6.08E+01,3.66E+01,1.97E+01,1.72E+06,8.57E+01,4.33E+00,8.14E+00
1997Q3,6.00E+05,6.35E+01,3.66E+01,1.55E+01,1.73E+06,8.61E+01,4.32E+00,7.97E+00
1997Q4,6.00E+05,6.48E+01,3.80E+01,1.65E+01,1.75E+06,8.65E+01,4.43E+00,7.80E+00
1998Q1,6.01E+05,6.75E+01,3.63E+01,1.60E+01,1.76E+06,8.66E+01,4.20E+00,7.62E+00
1998Q2,6.02E+05,6.85E+01,3.65E+01,1.56E+01,1.77E+06,8.68E+01,4.06E+00,7.42E+00
1998Q3,6.02E+05,6.95E+01,3.52E+01,1.42E+01,1.78E+06,8.71E+01,3.94E+00,7.21E+00
1998Q4,6.02E+05,6.97E+01,3.50E+01,1.15E+01,1.78E+06,8.72E+01,3.62E+00,7.00E+00
1999Q1,6.04E+05,6.95E+01,3.84E+01,8.08E+00,1.79E+06,8.73E+01,3.09E+00,6.60E+00
1999Q2,6.07E+05,7.01E+01,3.66E+01,7.00E+00,1.81E+06,8.77E+01,2.63E+00,6.30E+00
1999Q3,6.12E+05,7.04E+01,3.57E+01,6.45E+00,1.83E+06,8.81E+01,2.70E+00,5.90E+00
1999Q4,6.19E+05,7.11E+01,3.61E+01,5.88E+00,1.85E+06,8.85E+01,3.43E+00,5.50E+00
2000Q1,6.25E+05,7.21E+01,3.56E+01,5.39E+00,1.87E+06,8.90E+01,3.54E+00,5.50E+00
2000Q2,6.35E+05,7.26E+01,3.59E+01,5.33E+00,1.89E+06,8.93E+01,4.26E+00,5.50E+00
2000Q3,6.44E+05,7.32E+01,3.55E+01,5.34E+00,1.90E+06,9.00E+01,4.74E+00,5.50E+00
2000Q4,6.48E+05,7.42E+01,3.51E+01,5.41E+00,1.91E+06,9.06E+01,5.02E+00,5.50E+00
2001Q1,6.52E+05,7.51E+01,3.45E+01,5.22E+00,1.93E+06,9.08E+01,4.75E+00,5.10E+00
2001Q2,6.57E+05,7.63E+01,3.38E+01,5.04E+00,1.93E+06,9.18E+01,4.59E+00,4.80E+00
2001Q3,6.60E+05,7.73E+01,3.40E+01,5.41E+00,1.93E+06,9.21E+01,4.27E+00,4.40E+00
2001Q4,6.62E+05,7.74E+01,3.20E+01,5.02E+00,1.93E+06,9.24E+01,3.44E+00,4.10E+00
2002Q1,6.64E+05,7.80E+01,3.09E+01,4.38E+00,1.93E+06,9.32E+01,3.36E+00,4.00E+00
2002Q2,6.69E+05,7.80E+01,2.93E+01,3.93E+00,1.95E+06,9.37E+01,3.45E+00,3.90E+00
2002Q3,6.74E+05,7.79E+01,3.03E+01,3.14E+00,1.95E+06,9.41E+01,3.36E+00,3.90E+00
2002Q4,6.78E+05,7.78E+01,3.16E+01,2.74E+00,1.95E+06,9.45E+01,3.11E+00,3.80E+00
2003Q1,6.87E+05,7.77E+01,3.20E+01,2.50E+00,1.95E+06,9.53E+01,2.68E+00,3.80E+00
2003Q2,6.93E+05,7.80E+01,3.16E+01,2.41E+00,1.95E+06,9.55E+01,2.36E+00,3.70E+00
2003Q3,7.01E+05,7.79E+01,3.18E+01,2.12E+00,1.96E+06,9.60E+01,2.14E+00,3.60E+00
2003Q4,7.07E+05,7.85E+01,3.24E+01,2.07E+00,1.98E+06,9.64E+01,2.15E+00,3.60E+00
2004Q1,7.13E+05,7.96E+01,3.28E+01,2.06E+00,1.99E+06,9.70E+01,2.06E+00,3.50E+00
2004Q2,7.22E+05,8.00E+01,3.18E+01,2.18E+00,2.00E+06,9.77E+01,2.08E+00,3.40E+00
2004Q3,7.34E+05,8.04E+01,3.17E+01,2.59E+00,2.00E+06,9.82E+01,2.12E+00,3.40E+00
2004Q4,7.46E+05,8.08E+01,3.05E+01,2.62E+00,2.01E+06,9.86E+01,2.16E+00,3.30E+00
2005Q1,7.58E+05,8.09E+01,3.00E+01,2.29E+00,2.01E+06,9.90E+01,2.14E+00,3.30E+00
2005Q2,7.73E+05,8.12E+01,3.00E+01,1.85E+00,2.03E+06,9.97E+01,2.12E+00,3.20E+00
2005Q3,7.85E+05,8.19E+01,2.96E+01,1.79E+00,2.04E+06,1.00E+02,2.13E+00,3.10E+00
2005Q4,7.98E+05,8.28E+01,2.90E+01,2.11E+00,2.06E+06,1.01E+02,2.34E+00,3.00E+00
2006Q1,8.15E+05,8.32E+01,2.86E+01,2.07E+00,2.07E+06,1.01E+02,2.61E+00,3.00E+00
2006Q2,8.29E+05,8.36E+01,2.85E+01,2.13E+00,2.10E+06,1.02E+02,2.89E+00,3.00E+00
2006Q3,8.42E+05,8.43E+01,2.83E+01,2.38E+00,2.11E+06,1.03E+02,3.22E+00,3.00E+00
2006Q4,8.53E+05,8.41E+01,2.75E+01,2.62E+00,2.13E+06,1.03E+02,3.59E+00,3.00E+00
2007Q1,8.72E+05,8.42E+01,2.80E+01,2.58E+00,2.15E+06,1.03E+02,3.82E+00,3.00E+00
2007Q2,8.72E+05,8.53E+01,2.87E+01,2.77E+00,2.16E+06,1.04E+02,4.06E+00,3.00E+00
2007Q3,8.86E+05,8.62E+01,2.76E+01,3.27E+00,2.17E+06,1.05E+02,4.50E+00,3.00E+00
2007Q4,8.99E+05,8.79E+01,2.66E+01,3.78E+00,2.18E+06,1.06E+02,4.72E+00,3.00E+00
2008Q1,9.03E+05,9.04E+01,2.53E+01,3.98E+00,2.19E+06,1.07E+02,4.48E+00,3.00E+00
2008Q2,9.14E+05,9.10E+01,2.39E+01,4.15E+00,2.19E+06,1.08E+02,4.86E+00,3.00E+00
2008Q3,9.15E+05,9.19E+01,2.47E+01,3.91E+00,2.17E+06,1.09E+02,4.98E+00,3.00E+00
2008Q4,9.00E+05,9.20E+01,2.69E+01,4.11E+00,2.14E+06,1.08E+02,4.21E+00,3.00E+00
2009Q1,8.69E+05,9.23E+01,2.74E+01,2.71E+00,2.07E+06,1.08E+02,2.01E+00,3.00E+00
2009Q2,8.64E+05,9.23E+01,2.59E+01,2.32E+00,2.07E+06,1.08E+02,1.31E+00,3.00E+00
2009Q3,8.68E+05,9.21E+01,2.52E+01,1.96E+00,2.08E+06,1.08E+02,8.70E-01,3.00E+00
2009Q4,8.73E+05,9.25E+01,2.65E+01,1.77E+00,2.09E+06,1.08E+02,7.20E-01,3.00E+00
2010Q1,8.77E+05,9.28E+01,2.55E+01,1.50E+00,2.09E+06,1.09E+02,6.60E-01,2.00E+00
2010Q2,8.87E+05,9.33E+01,2.57E+01,1.31E+00,2.11E+06,1.10E+02,6.90E-01,2.00E+00
2010Q3,8.92E+05,9.39E+01,2.46E+01,1.23E+00,2.12E+06,1.10E+02,8.70E-01,2.00E+00
2010Q4,8.97E+05,9.43E+01,2.51E+01,1.21E+00,2.13E+06,1.11E+02,1.02E+00,2.00E+00
2011Q1,9.03E+05,9.44E+01,2.45E+01,1.21E+00,2.15E+06,1.12E+02,1.09E+00,2.00E+00
2011Q2,9.05E+05,9.50E+01,2.44E+01,1.21E+00,2.15E+06,1.13E+02,1.41E+00,2.00E+00
2011Q3,9.06E+05,9.56E+01,2.48E+01,1.18E+00,2.15E+06,1.13E+02,1.56E+00,2.00E+00
2011Q4,9.04E+05,9.65E+01,2.58E+01,1.16E+00,2.15E+06,1.14E+02,1.50E+00,2.00E+00
2012Q1,9.01E+05,9.79E+01,2.47E+01,1.20E+00,2.15E+06,1.15E+02,1.04E+00,2.00E+00
2012Q2,8.98E+05,9.82E+01,2.56E+01,1.23E+00,2.14E+06,1.15E+02,7.00E-01,2.00E+00
2012Q3,8.95E+05,9.87E+01,2.49E+01,9.80E-01,2.14E+06,1.16E+02,3.60E-01,2.00E+00
2012Q4,8.92E+05,9.92E+01,2.51E+01,5.80E-01,2.13E+06,1.16E+02,2.00E-01,2.00E+00
2013Q1,8.80E+05,9.96E+01,2.57E+01,5.00E-01,2.12E+06,1.17E+02,2.10E-01,2.00E+00
2013Q2,8.83E+05,9.97E+01,2.60E+01,4.60E-01,2.13E+06,1.17E+02,2.10E-01,2.00E+00
2013Q3,8.86E+05,1.00E+02,2.57E+01,4.60E-01,2.13E+06,1.17E+02,2.20E-01,2.00E+00
2013Q4,9.02E+05,1.00E+02,2.74E+01,4.10E-01,2.14E+06,1.17E+02,2.40E-01,2.00E+00
2014Q1,NaN,9.98E+01,2.74E+01,3.70E-01,NaN,1.18E+02,3.00E-01,2.00E+00
